job_id,job_listing_id
1768343,860f3c86-6a71-419c-a829-8f529e5f33e4
1768286,e6bcdc9a-b222-4819-899c-6c1e9d3b535a
1768390,3e48a998-70ca-48f8-a611-233dd2163b56
1768474,b2cd5e24-8536-4716-9440-1eb8722ccc4e
1243841,749ce39f-6fb4-40b8-944d-c440160eac00
1768280,6786c351-9914-45a0-aa7c-0fc36e95e9d2
1768281,01101e50-0b86-424d-998d-4092734a28c0
1768486,ce952e4c-55c1-45e2-87da-deee684e8cd7
1768278,38adabff-6493-490f-bd71-997a61fffaf6
1768383,d8b421b6-b9d9-476d-a11f-7f46c06c494e
1768398,bb84a15f-e810-4746-8c0d-acee19afeac6
1768400,8513d48c-8cd9-4873-a51e-8cdaa2a1cbce
1768463,738f0f77-94be-48be-8600-7ee4866a6d18
1768332,60d03a08-4fa9-4b1d-bf59-52ff0be308eb
1768374,bb182ec6-957d-4989-ac2e-e692d314655b
1768376,9e476a80-0d22-4279-8e15-ca5db059dd72
1768381,6626a855-1682-4dc8-a071-5dd7766316b2
1768382,89e3ff0a-44ec-4e99-af9a-20ff841437bd
1239818,d191bd1d-f952-40cf-9dd1-8b1eed7c7d5a
1237804,7f813929-0266-4391-ae76-f083e44531bf
1240493,229e21f4-bd54-490a-ad98-06b0720fff18
1240500,620de568-f671-4273-86d0-f7f18f208be4
1240546,5da29744-53f0-4ebf-a342-3b6dbfeed2a5
1249410,8e9b885c-1d03-4d7b-973b-5427486957c1
1469547,8b35e888-9d4c-4252-a02e-b86352de6efc
1768287,d039429f-30a0-48b4-a059-45dc8ae49075
1768410,1f8fd5fa-72c1-4596-a466-9e10d5ee2881
1768415,e16c3bc6-59c2-44b6-9a10-8c6d8f566429
1243233,b372b76c-c80e-4fab-9b67-1b1b488d4db9
1243398,d3b553d3-d524-4b27-b718-c1ade2b98d48
1243498,a48c75e1-3fd8-41a9-94d3-0a2c17dfb4aa
1243524,9d439ffb-db67-42bc-91d0-880cec660421
1243532,09afa43c-b251-4956-9e79-b089053de151
1243769,6c4758fd-9919-4a0b-acb8-1b5d59cd0ba0
1243904,92ee3b0e-fbad-4d94-99d8-b6a1e4c334b2
1244057,f0bb189c-0e01-4fab-bda4-4b99c11133ee
1244063,96668449-f161-49e5-93bc-7d72e1ba9606
1244074,873aa111-84a6-48c7-bc9b-c8d044f3536e
1768279,b0621172-cb51-4536-8f07-55838acba05e
1768283,1b5e5de7-bd09-49b6-8057-2a4ae64d325a
1768284,dd313e58-77b2-46d2-b1ba-5f32226d3158
1768289,8b81c7ca-23ab-422d-80a6-8ff0777b5340
1768300,d15ef234-f54d-41f0-97bf-368aea407548
1768301,ccc091cc-7d43-4411-adfe-924038253759
1768303,870734a5-4760-4a77-8400-351e4c8775f1
1768306,53410997-6ef9-4b35-b745-3cc17cb88071
1768314,c72694aa-f8ae-458f-994d-9bffc9531414
1768316,9cf01c35-820f-4dd1-800b-868857a021c0
1768326,9e68e188-901a-4597-b870-59f4368a6a6a
1768328,627c204c-8317-4102-be4d-02683a3f89db
1768339,31b6c9c0-7337-42c8-9dc2-9d676d9efec7
1768341,fcae5151-beaf-4f53-8078-2f2d7b32088f
1768342,b258d4e7-9c5b-486d-a274-b9b61fa0e4f0
1768344,b4100335-ef51-45b4-977c-61d58dd6126d
1768350,08ab5c5f-ea3b-4e85-85af-7b4dd6a5fb5b
1768352,16790eba-9404-4d0a-a9ea-c0454be880ac
1768354,22ef8f59-44e4-43f7-a7ce-220ed9d87682
1768364,eb24662b-6f45-4eb0-b97c-058f624a11ab
1768365,1e893cbe-e1c9-41d9-b2c6-0842cece124d
1768367,9d38c571-90f4-4c24-9a51-068e88228964
1768368,3eb75dbe-8031-47c4-bd4e-aba62e060e32
1768369,aafe1662-08cf-4509-abb5-2fd2dd243884
1768370,394e09f0-fca9-4ec2-8422-b3ae4e92597d
1768379,db190fa3-c0ed-4b17-86d8-1e41b0f1dfe8
1768389,be1ea653-9e0d-4473-92c6-1cfb0a59b2dc
1768402,05bef5b1-57e1-46e2-88b7-c86b6640bcd6
1768404,6ad6f97d-31c0-4be5-8888-c09c6d44b0ec
1768405,3c6efb8c-56f7-40df-a1d6-761b7c9d50a9
1768413,40eac606-b5b9-4d71-976a-b7c411e58c5e
1768420,303f2499-778d-4aab-95d4-b6674187eedc
1768423,a94edcc9-f226-4e46-a612-08fee119c193
1768424,aaa2217b-9ec2-4a52-903c-7d6c0c85bc2a
1768432,f3c5b5e9-10ac-400f-b2b4-ffa27996b85e
1768433,8ab1c09b-ddb6-491a-b7f6-3540ba267b96
1768435,9855133f-0de0-4db7-868c-d4381939a151
1768443,ea225b17-4009-4881-b9c2-84013d5e65ef
1768444,e6ac71d7-c96b-4442-9b58-9d805fdf2191
1768446,18d7d8d4-ead3-4d3a-b39d-232d8fed4335
1768454,ef6a62b6-cc6d-4d4c-9d22-7ae18e347499
1768461,1cb857f8-b30e-44aa-a14a-e267ef0bbad5
1768482,78e69acb-efc9-48ac-aca1-468149533167
1768484,0ea3ee7c-2d09-4686-8033-eea71105b3be
1168805,ad937a45-a8c7-4794-9150-aa01e266c9b9
1168810,65db8dd5-5b2a-4bac-a157-cbf34a89d551
1768292,c7af387c-0cb3-40fd-a710-3925714cf05b
1768293,4902c504-ab6f-4580-989b-7e9bac39150e
1768340,7fee73bf-8052-44c0-941b-e161c945c903
1768438,091116c4-c6d2-4a49-9d01-51bb9f43db3a
